﻿<?xml version="1.0" encoding="utf-8" ?> 
<TrainingPortal>
<Category Title="Technology Articles" Id="1">
<Training>
  <Title>Manage Metadata with Document Information Panels</Title> 
  <Abstract>This article demonstrates how to enable effective metadata and content management using the Document Information Panel (DIP), a form-based component within Microsoft® Word 2007, Excel® 2007, and PowerPoint® 2007, that allows users to manage document-level metadata for better discovery and management.
</Abstract> 
  <Track>Microsoft Office 2007</Track> 
  <ImgUri></ImgUri>
  <TitleUri>http://msdn2.microsoft.com/en-us/magazine/cc500578.aspx</TitleUri> 
  <VidUri></VidUri> 
</Training>
<Training>
  <Title>Publish a Self-Signed InfoPath Form Template to Local Computer</Title> 
  <Abstract>To attach an InfoPath form template as a Custom Document Information Panel to Microsoft Office Word 2007, Microsoft Office Excel 2007 and Microsoft Office PowerPoint 2007 documents, the InfoPath form template must be signed and published to a trusted location/site.</Abstract> 
  <Track>Microsoft Office 2007</Track> 
  <ImgUri>PublishInfoPathTemplateToLocalComputer/dzc_output.xml</ImgUri>
  <TitleUri>http://technologyopinion.com/word2007.aspx#pubinfopath</TitleUri> 
  <VidUri></VidUri> 
</Training>

<Training>
  <Title>Develop and Distribute Custom Quick Parts Template for Microsoft Word 2007</Title> 
  <Abstract>The Quick Parts is a new feature of Microsoft Office Word 2007 that allows users to identify reusable content sections from the document, categorize and add as Quick Parts to the default Microsoft Building Blocks template or Custom Quick Parts template. </Abstract> 
  <Track>Microsoft Office 2007</Track> 
  <ImgUri>DevelopCustomQuickPartsTemplate/dzc_output.xml</ImgUri>
  <TitleUri>http://technologyopinion.com/word2007.aspx#custquickpart</TitleUri> 
  <VidUri></VidUri> 
</Training>
</Category>

<Category Title="IT Management Articles" Id="2">
<Training>
  <Title>Leadership Qualities</Title> 
  <Abstract>Learning to Say “NO” – A Critical Leadership Quality?</Abstract> 
  <Track>Leadership</Track> 
  <ImgUri>sayNo/dzc_output.xml</ImgUri>
  <TitleUri>http://advice.cio.com/ashish_ghoda/learning_to_say_no_a_critical_leadership_quality</TitleUri> 
  <VidUri></VidUri> 
</Training>

<Training>
  <Title>“Business Enabled” Applications Part-1</Title> 
  <Abstract>Balanced Requirements Implementation + Balanced Quality Standards + In Time Delivery + Under Budget = Business Enabled Applications</Abstract> 
  <Track>Business Agility</Track> 
  <ImgUri>businessEnabledP1/dzc_output.xml</ImgUri>
  <TitleUri>http://advice.cio.com/ashish_ghoda/learning_to_say_no_a_critical_leadership_quality</TitleUri> 
  <VidUri></VidUri> 
</Training>

<Training>
  <Title>“Business Enabled” Applications Part-2</Title> 
  <Abstract>Balanced Requirements Implementation + Balanced Quality Standards + In Time Delivery + Under Budget = Business Enabled Applications</Abstract> 
  <Track>Business Agility</Track> 
  <ImgUri>businessEnabledP2/dzc_output.xml</ImgUri>
  <TitleUri>http://advice.cio.com/ashish_ghoda/3_ps_required_for_business_enabled_applications_part_two</TitleUri> 
  <VidUri></VidUri> 
</Training>


</Category>
<Category Title="Technical Presentations" Id="3">
<Training>
  <Title>Silverlight 2 Poster</Title> 
  <Abstract>At Mix08, the Silverlight 2 Poster was a hot item given out in many of the session.</Abstract> 
  <Track>Silverlight 2 Reference</Track> 
  <ImgUri>Silverlight2Poster/dzc_output.xml</ImgUri>
  <TitleUri>http://blogs.msdn.com/brada/archive/2008/03/16/silverlight-2-developer-poster.aspx</TitleUri> 
  <VidUri></VidUri> 
</Training>
</Category>

<Category Title="Technical Videos" Id="4">
<Training>
  <Title>Using Multiple Pages, Part 1 (Video from silverlight.net)</Title> 
  <Abstract>In this two part series Jesse Liberty demonstrates how to build a Silverlight application that allows the user to switch back and forth among multiple pages in a fast, memory efficient way. In this first part, he shows how to switch between two pages.</Abstract> 
  <Track>Silverlight 2 Basics</Track> 
  <ImgUri></ImgUri>
  <TitleUri>http://silverlight.net/learn/learnvideo.aspx?video=56933</TitleUri> 
  <VidUri>http://download.microsoft.com/download/d/d/b/ddbd6219-08e9-4f4e-beaa-eed343b32c81/WinVideo-Silverlight-2b2-MultiPage.wmv</VidUri> 
</Training>

<Training>
  <Title>Using Multiple Pages, Part 2 (Video from silverlight.net)</Title> 
  <Abstract>In this follow up to his earlier video on multiple page Silverlight applications, Jesse Liberty demonstrates how to pass parameters (either integers or objects) from the calling page to the new page, reliably and without the use of a "call back" to a host. </Abstract> 
  <Track>Silverlight 2 Basics</Track> 
  <ImgUri></ImgUri>
  <TitleUri>http://silverlight.net/learn/learnvideo.aspx?video=78706</TitleUri> 
  <VidUri>http://download.microsoft.com/download/b/0/8/b0866b4a-3a7e-45f4-b03f-e8dd54c99526/WinVideo-Silverlight-2b2-MultiPage-Part2.wmv</VidUri> 
</Training>




<Training>
  <Title>Silverlight 2 Style (Video from silverlight.net)</Title> 
  <Abstract>Learn how to create and apply style in Silverlight 2</Abstract> 
  <Track>Silverlight 2 Basics</Track> 
  <ImgUri></ImgUri>
  <TitleUri>http://silverlight.net/learn/learnvideo.aspx?video=56224</TitleUri> 
  <VidUri>http://download.microsoft.com/download/6/2/e/62ed3d61-447c-4b85-afaf-71cf03e8649b/WinVideo-Silverlight-Styles.wmv</VidUri> 
</Training>
</Category>

</TrainingPortal>
