﻿<?xml version="1.0" encoding="UTF-8"?>
<Collection MaxLevel="8" TileSize="256" Format="jpg" Quality="0.9499999881" NextItemId="4" xmlns="http://schemas.microsoft.com/deepzoom/2008">
  <Items>
    <I Id="0" N="0" IsPath="1" Source="dzc_output_images/4.xml">
      <Size Width="1401" Height="1813" />
      <Viewport Width="2.03202724" X="-1.03202713" Y="-1.32642758" />
    </I>
    <I Id="1" N="1" IsPath="1" Source="dzc_output_images/1.xml">
      <Size Width="1399" Height="1811" />
      <Viewport Width="2.03268719" X="0" Y="0" />
    </I>
    <I Id="2" N="2" IsPath="1" Source="dzc_output_images/2.xml">
      <Size Width="1396" Height="1811" />
      <Viewport Width="2.03705549" X="-1.034581" Y="0" />
    </I>
    <I Id="3" N="3" IsPath="1" Source="dzc_output_images/3.xml">
      <Size Width="1401" Height="1814" />
      <Viewport Width="2.033148" X="0" Y="-1.32715917" />
    </I>
  </Items>
</Collection>