<?xml version="1.0"?>
<SceneGraph version="1">
  <AspectRatio>0.775433938090719</AspectRatio>
  <SceneNode>
    <FileName>C:\Users\jay\Documents\Expression\Deep Zoom Composer Projects\UntitledProject6\source images\4.png</FileName>
    <x>0.50788058511934</x>
    <y>0.506172839506173</y>
    <Width>0.49211941488066</Width>
    <Height>0.493827160493827</Height>
    <ZOrder>1</ZOrder>
  </SceneNode>
  <SceneNode>
    <FileName>C:\Users\jay\Documents\Expression\Deep Zoom Composer Projects\UntitledProject6\source images\1.png</FileName>
    <x>0</x>
    <y>0</y>
    <Width>0.491959591201091</Width>
    <Height>0.493827160493827</Height>
    <ZOrder>2</ZOrder>
  </SceneNode>
  <SceneNode>
    <FileName>C:\Users\jay\Documents\Expression\Deep Zoom Composer Projects\UntitledProject6\source images\2.png</FileName>
    <x>0.50788058511934</x>
    <y>0</y>
    <Width>0.490904638539474</Width>
    <Height>0.493827160493827</Height>
    <ZOrder>3</ZOrder>
  </SceneNode>
  <SceneNode>
    <FileName>C:\Users\jay\Documents\Expression\Deep Zoom Composer Projects\UntitledProject6\source images\3.png</FileName>
    <x>0</x>
    <y>0.506172839506173</y>
    <Width>0.491848125236294</Width>
    <Height>0.493827160493827</Height>
    <ZOrder>4</ZOrder>
  </SceneNode>
</SceneGraph>