﻿<?xml version="1.0" encoding="UTF-8"?>
<Collection MaxLevel="8" TileSize="256" Format="jpg" Quality="0.9499999881" NextItemId="2" xmlns="http://schemas.microsoft.com/deepzoom/2008">
  <Items>
    <I Id="0" N="0" IsPath="1" Source="dzc_output_images/1.xml">
      <Size Width="1607" Height="2082" />
      <Viewport Width="2.0325315" X="0" Y="0" />
    </I>
    <I Id="1" N="1" IsPath="1" Source="dzc_output_images/2.xml">
      <Size Width="1608" Height="2083" />
      <Viewport Width="2.032243" X="-1.03224313" Y="0" />
    </I>
  </Items>
</Collection>