<?xml version="1.0"?>
<SceneGraph version="1">
  <AspectRatio>1.56881750071366</AspectRatio>
  <SceneNode>
    <FileName>C:\Users\jay\Documents\Expression\Deep Zoom Composer Projects\UntitledProject7\source images\1.png</FileName>
    <x>0</x>
    <y>0</y>
    <Width>0.49199730765387</Width>
    <Height>1</Height>
    <ZOrder>1</ZOrder>
  </SceneNode>
  <SceneNode>
    <FileName>C:\Users\jay\Documents\Expression\Deep Zoom Composer Projects\UntitledProject7\source images\2.png</FileName>
    <x>0.507932876952802</x>
    <y>0</y>
    <Width>0.492067123047198</Width>
    <Height>1</Height>
    <ZOrder>2</ZOrder>
  </SceneNode>
</SceneGraph>