﻿<?xml version="1.0" encoding="utf-8" ?>
<tabData>
		<content tabid="1">
		<title>Tab 1</title>
		<hlink>http://technologyopinion.com</hlink>
		<img>http://localhost:4353/Silverlight_smartTabs_Web/image1.png</img>
		<desc>Tab 1 Description</desc>		
		</content>		
	

		<content tabid="2">
		<title>Tab 2</title>
		<hlink>http://technologyopinion.com</hlink>
		<img>http://localhost:4353/Silverlight_smartTabs_Web/image2.png</img>
		<desc>Tab 2 Description</desc>		
		</content>

		<content tabid="3">
		<title>Tab 3</title>
		<hlink>http://technologyopinion.com</hlink>
		<img>http://localhost:4353/Silverlight_smartTabs_Web/image3.png</img>
		<desc>Tab 3 Description</desc>		
		</content>

		<content tabid="4">
		<title>Tab 4</title>
		<hlink>http://technologyopinion.com</hlink>
		<img>http://localhost:4353/Silverlight_smartTabs_Web/image4.png</img>
		<desc>Tab 4 Description</desc>		
		</content>

</tabData>