﻿<?xml version="1.0" encoding="utf-8" ?>
<tabs orientation="Horizontal" count="4">
<tab id="1">
		<imgOff>http://localhost:4353/Silverlight_smartTabs_Web/tabImgs/1.jpg</imgOff>
		<imgOn>http://localhost:4353/Silverlight_smartTabs_Web/tabImgs/o1.jpg</imgOn>
</tab>
<tab id="2">
		<imgOff>http://localhost:4353/Silverlight_smartTabs_Web/tabImgs/2.jpg</imgOff>
		<imgOn>http://localhost:4353/Silverlight_smartTabs_Web/tabImgs/o2.jpg</imgOn>
</tab>
<tab id="3">
		<imgOff>http://localhost:4353/Silverlight_smartTabs_Web/tabImgs/3.jpg</imgOff>
		<imgOn>http://localhost:4353/Silverlight_smartTabs_Web/tabImgs/o3.jpg</imgOn>
</tab>
<tab id="4">
		<imgOff>http://localhost:4353/Silverlight_smartTabs_Web/tabImgs/4.jpg</imgOff>
		<imgOn>http://localhost:4353/Silverlight_smartTabs_Web/tabImgs/o4.jpg</imgOn>
</tab>
</tabs>