﻿<?xml version="1.0" encoding="UTF-8"?>
<Collection MaxLevel="8" TileSize="256" Format="jpg" Quality="0.9499999881" NextItemId="3" xmlns="http://schemas.microsoft.com/deepzoom/2008">
  <Items>
    <I Id="0" N="0" IsPath="1" Source="dzc_output_images/3.xml">
      <Size Width="1395" Height="1815" />
      <Viewport Width="2.00208569" X="0" Y="-1.32709694" />
    </I>
    <I Id="1" N="1" IsPath="1" Source="dzc_output_images/1.xml">
      <Size Width="1375" Height="1823" />
      <Viewport Width="2.0401597" X="0" Y="0" />
    </I>
    <I Id="2" N="2" IsPath="1" Source="dzc_output_images/2.xml">
      <Size Width="1372" Height="1793" />
      <Viewport Width="2.01097369" X="-1.01097369" Y="-3.7142948E-16" />
    </I>
  </Items>
</Collection>