<?xml version="1.0"?>
<SceneGraph version="1">
  <AspectRatio>0.761778729462462</AspectRatio>
  <SceneNode>
    <FileName>C:\Users\jay\Documents\Expression\Deep Zoom Composer Projects\UntitledProject4\source images\3.png</FileName>
    <x>0</x>
    <y>0.504950495049505</y>
    <Width>0.499479153195189</Width>
    <Height>0.495049504950495</Height>
    <ZOrder>1</ZOrder>
  </SceneNode>
  <SceneNode>
    <FileName>C:\Users\jay\Documents\Expression\Deep Zoom Composer Projects\UntitledProject4\source images\1.png</FileName>
    <x>0</x>
    <y>0</y>
    <Width>0.490157687097656</Width>
    <Height>0.495049504950495</Height>
    <ZOrder>2</ZOrder>
  </SceneNode>
  <SceneNode>
    <FileName>C:\Users\jay\Documents\Expression\Deep Zoom Composer Projects\UntitledProject4\source images\2.png</FileName>
    <x>0.502728453062749</x>
    <y>1.40701531833683E-16</y>
    <Width>0.497271546937251</Width>
    <Height>0.495049504950495</Height>
    <ZOrder>3</ZOrder>
  </SceneNode>
</SceneGraph>