﻿<?xml version="1.0" encoding="UTF-8"?>
<Collection MaxLevel="8" TileSize="256" Format="jpg" Quality="0.9499999881" NextItemId="2" xmlns="http://schemas.microsoft.com/deepzoom/2008">
  <Items>
    <I Id="0" N="0" IsPath="1" Source="dzc_output_images/2.xml">
      <Size Width="1400" Height="1736" />
      <Viewport Width="1.98868465" X="-0.988684654" Y="0" />
    </I>
    <I Id="1" N="1" IsPath="1" Source="dzc_output_images/1.xml">
      <Size Width="1401" Height="1814" />
      <Viewport Width="2.07655478" X="0" Y="0" />
    </I>
  </Items>
</Collection>