<?xml version="1.0"?>
<Metadata version="1">
  <AspectRatio>1.60377796350962</AspectRatio>
  <Image>
    <FileName>C:\Users\jay\Documents\Expression\Deep Zoom Composer Projects\UntitledProject5\source images\2.png</FileName>
    <x>0.497155073051116</x>
    <y>0</y>
    <Width>0.502844926948884</Width>
    <Height>1</Height>
    <ZOrder>1</ZOrder>
    <Tag />
  </Image>
  <Image>
    <FileName>C:\Users\jay\Documents\Expression\Deep Zoom Composer Projects\UntitledProject5\source images\1.png</FileName>
    <x>0</x>
    <y>0</y>
    <Width>0.4815668803157</Width>
    <Height>1</Height>
    <ZOrder>2</ZOrder>
    <Tag />
  </Image>
</Metadata>