﻿<?xml version="1.0" encoding="UTF-8"?>
<Collection MaxLevel="8" TileSize="256" Format="jpg" Quality="0.9499999881" NextItemId="6" xmlns="http://schemas.microsoft.com/deepzoom/2008">
  <Items>
    <I Id="0" N="0" IsPath="1" Source="dzc_output_images/1.xml">
      <Size Width="1401" Height="1815" />
      <Viewport Width="2.033653" X="0" Y="0" />
    </I>
    <I Id="1" N="1" IsPath="1" Source="dzc_output_images/2.xml">
      <Size Width="1403" Height="1816" />
      <Viewport Width="2.031873" X="-1.031484" Y="0" />
    </I>
    <I Id="2" N="2" IsPath="1" Source="dzc_output_images/3.xml">
      <Size Width="1401" Height="1815" />
      <Viewport Width="2.033653" X="0" Y="-1.32789075" />
    </I>
    <I Id="3" N="3" IsPath="1" Source="dzc_output_images/4.xml">
      <Size Width="1402" Height="1816" />
      <Viewport Width="2.033322" X="-1.03221965" Y="-1.32767463" />
    </I>
    <I Id="4" N="4" IsPath="1" Source="dzc_output_images/5.xml">
      <Size Width="1401" Height="1814" />
      <Viewport Width="2.03253269" X="0" Y="-2.65431833" />
    </I>
    <I Id="5" N="5" IsPath="1" Source="dzc_output_images/6.xml">
      <Size Width="1402" Height="1814" />
      <Viewport Width="2.03108287" X="-1.03108287" Y="-2.652425" />
    </I>
  </Items>
</Collection>