<?xml version="1.0"?>
<SceneGraph version="1">
  <AspectRatio>0.514681457366847</AspectRatio>
  <SceneNode>
    <FileName>C:\Users\jay\Documents\Expression\Deep Zoom Composer Projects\UntitledProject4\source images\1.png</FileName>
    <x>0</x>
    <y>0</y>
    <Width>0.491725968667879</Width>
    <Height>0.327868852459016</Height>
    <ZOrder>1</ZOrder>
  </SceneNode>
  <SceneNode>
    <FileName>C:\Users\jay\Documents\Expression\Deep Zoom Composer Projects\UntitledProject4\source images\2.png</FileName>
    <x>0.5076517829636</x>
    <y>0</y>
    <Width>0.492156772178336</Width>
    <Height>0.327868852459016</Height>
    <ZOrder>2</ZOrder>
  </SceneNode>
  <SceneNode>
    <FileName>C:\Users\jay\Documents\Expression\Deep Zoom Composer Projects\UntitledProject4\source images\3.png</FileName>
    <x>0</x>
    <y>0.336065573770492</y>
    <Width>0.491725968667879</Width>
    <Height>0.327868852459016</Height>
    <ZOrder>3</ZOrder>
  </SceneNode>
  <SceneNode>
    <FileName>C:\Users\jay\Documents\Expression\Deep Zoom Composer Projects\UntitledProject4\source images\4.png</FileName>
    <x>0.5076517829636</x>
    <y>0.336065573770492</y>
    <Width>0.491805983317196</Width>
    <Height>0.327868852459016</Height>
    <ZOrder>4</ZOrder>
  </SceneNode>
  <SceneNode>
    <FileName>C:\Users\jay\Documents\Expression\Deep Zoom Composer Projects\UntitledProject4\source images\5.png</FileName>
    <x>0</x>
    <y>0.672131147540984</y>
    <Width>0.491997041417972</Width>
    <Height>0.327868852459016</Height>
    <ZOrder>5</ZOrder>
  </SceneNode>
  <SceneNode>
    <FileName>C:\Users\jay\Documents\Expression\Deep Zoom Composer Projects\UntitledProject4\source images\6.png</FileName>
    <x>0.5076517829636</x>
    <y>0.672131147540984</y>
    <Width>0.4923482170364</Width>
    <Height>0.327868852459016</Height>
    <ZOrder>6</ZOrder>
  </SceneNode>
</SceneGraph>